{
    "anchorpoints": [],
    "portpins": [
        {
            "name": "1",
            "position": [
                0.0,
                7.604400713139307e-15,
                124.711316397229
            ],
            "rotation": [
                -1.0,
                0.0,
                0.0,
                0.0,
                1.0,
                0.0,
                0.0,
                0.0,
                -1.0
            ]
        }
    ],
    "version": 7
}